HtmlTitleEn;HtmlTitleDe;ThumbnailUrlEn;ThumbnailUrlDe;UrlEn;UrlDe;AltEn;AltDe;HtmlCreditsEn;HtmlCreditsDe
null;null;/images/gallery/tn/KerryShale001.jpeg;/images/gallery/tn/KerryShale001.jpeg;/images/gallery/KerryShale001.jpg;/images/gallery/KerryShale001.jpg;Kerry Shale;Kerry Shale;by the great Kerry Shale himself (Photo taken by Alan Howard);(TODO: Description is missing!)
null;null;/images/gallery/tn/KerryShale002.jpeg;/images/gallery/tn/KerryShale002.jpeg;/images/gallery/KerryShale002.jpg;/images/gallery/KerryShale002.jpg;Kerry Shale;Kerry Shale;by the great Kerry Shale himself (Photo taken by Alan Howard);(TODO: Description is missing!)
null;null;/images/gallery/tn/KerryShale003.jpeg;/images/gallery/tn/KerryShale003.jpeg;/images/gallery/KerryShale003.jpg;/images/gallery/KerryShale003.jpg;Kerry Shale;Kerry Shale;by the great Kerry Shale himself (Photo taken by Alan Howard);(TODO: Description is missing!)
null;null;/images/gallery/tn/KerryShale004.jpeg;/images/gallery/tn/KerryShale004.jpeg;/images/gallery/KerryShale004.jpg;/images/gallery/KerryShale004.jpg;Kerry Shale;Kerry Shale;by the great Kerry Shale himself, via Alchetron;(TODO: Description is missing!)
null;null;/images/gallery/tn/KerryShale005.jpeg;/images/gallery/tn/KerryShale005.jpeg;/images/gallery/KerryShale005.jpg;/images/gallery/KerryShale005.jpg;Kerry Shale;Kerry Shale;by the great Kerry Shale himself (Photo taken by Alan Howard);(TODO: Description is missing!)
null;null;/images/gallery/tn/KerryShale006.jpeg;/images/gallery/tn/KerryShale006.jpeg;/images/gallery/KerryShale006.jpg;/images/gallery/KerryShale006.jpg;Kerry Shale;Kerry Shale;Disappeared, Royal Court Theatre, by the great Kerry Shale himself;(TODO: Description is missing!)
null;null;/images/gallery/tn/KerryShale007.jpeg;/images/gallery/tn/KerryShale007.jpeg;/images/gallery/KerryShale007.jpg;/images/gallery/KerryShale007.jpg;Kerry Shale;Kerry Shale;Universal Soldier: Regeneration (2009);(TODO: Description is missing!)
null;null;/images/gallery/tn/KerryShale008.jpeg;/images/gallery/tn/KerryShale008.jpeg;/images/gallery/KerryShale008.jpg;/images/gallery/KerryShale008.jpg;Kerry Shale;Kerry Shale;by Salem's Lot by Stephen King;(TODO: Description is missing!)
null;null;/images/gallery/tn/KerryShale009.jpeg;/images/gallery/tn/KerryShale009.jpeg;/images/gallery/KerryShale009.jpg;/images/gallery/KerryShale009.jpg;Kerry Shale;Kerry Shale;ITV / Granada Television;(TODO: Description is missing!)
null;null;/images/gallery/tn/KerryShale010.jpeg;/images/gallery/tn/KerryShale010.jpeg;/images/gallery/KerryShale010.jpg;/images/gallery/KerryShale010.jpg;Kerry Shale;Kerry Shale;Incognito (2015);(TODO: Description is missing!)
null;null;/images/gallery/tn/KerryShale011.jpeg;/images/gallery/tn/KerryShale011.jpeg;/images/gallery/KerryShale011.jpg;/images/gallery/KerryShale011.jpg;Kerry Shale;Kerry Shale;by Roy Jones (1990);(TODO: Description is missing!)
null;null;/images/gallery/tn/KerryShale012.jpeg;/images/gallery/tn/KerryShale012.jpeg;/images/gallery/KerryShale012.jpg;/images/gallery/KerryShale012.jpg;Kerry Shale;Kerry Shale;by the great Kerry Shale himself;(TODO: Description is missing!)
null;null;/images/gallery/tn/KerryShale013.jpeg;/images/gallery/tn/KerryShale013.jpeg;/images/gallery/KerryShale013.jpg;/images/gallery/KerryShale013.jpg;Kerry Shale;Kerry Shale;by the great Kerry Shale himself (Photo taken by Alan Howard);(TODO: Description is missing!)
null;null;/images/gallery/tn/KerryShale014.jpeg;/images/gallery/tn/KerryShale014.jpeg;/images/gallery/KerryShale014.jpg;/images/gallery/KerryShale014.jpg;Kerry Shale;Kerry Shale;by Liam Daniel / Netflix (2022);(TODO: Description is missing!)
null;null;/images/gallery/tn/KerryShale015.jpeg;/images/gallery/tn/KerryShale015.jpeg;/images/gallery/KerryShale015.jpg;/images/gallery/KerryShale015.jpg;Kerry Shale;Kerry Shale;Yentl (1983);(TODO: Description is missing!)
null;null;/images/gallery/tn/KerryShale016.jpeg;/images/gallery/tn/KerryShale016.jpeg;/images/gallery/KerryShale016.jpg;/images/gallery/KerryShale016.jpg;Kerry Shale;Kerry Shale;by the great Kerry Shale himself (Photo taken by Alan Howard);(TODO: Description is missing!)
null;null;/images/gallery/tn/KerryShale017.jpeg;/images/gallery/tn/KerryShale017.jpeg;/images/gallery/KerryShale017.jpg;/images/gallery/KerryShale017.jpg;Kerry Shale;Kerry Shale;by the great Kerry Shale himself (Photo taken by Alan Howard);(TODO: Description is missing!)
null;null;/images/gallery/tn/KerryShale018.jpeg;/images/gallery/tn/KerryShale018.jpeg;/images/gallery/KerryShale018.jpg;/images/gallery/KerryShale018.jpg;Kerry Shale;Kerry Shale;The Observer, London, The Guardian Archive (11 Apr 1993);(TODO: Description is missing!)
null;null;/images/gallery/tn/KerryShale019.jpeg;/images/gallery/tn/KerryShale019.jpeg;/images/gallery/KerryShale019.jpg;/images/gallery/KerryShale019.jpg;Kerry Shale;Kerry Shale;via Rotten Tomatoes, via JW3?;(TODO: Description is missing!)
null;null;/images/gallery/tn/KerryShale020.jpeg;/images/gallery/tn/KerryShale020.jpeg;/images/gallery/KerryShale020.jpg;/images/gallery/KerryShale020.jpg;Kerry Shale;Kerry Shale;by Mark Allan;(TODO: Description is missing!)
null;null;/images/gallery/tn/KerryShale021.jpeg;/images/gallery/tn/KerryShale021.jpeg;/images/gallery/KerryShale021.jpg;/images/gallery/KerryShale021.jpg;Kerry Shale;Kerry Shale;(TODO: Description is missing!);(TODO: Description is missing!)
null;null;/images/gallery/tn/KerryShale022.jpeg;/images/gallery/tn/KerryShale022.jpeg;/images/gallery/KerryShale022.jpg;/images/gallery/KerryShale022.jpg;Kerry Shale;Kerry Shale;by the great Kerry Shale himself (Photo taken by Alan Howard);(TODO: Description is missing!)
null;null;/images/gallery/tn/KerryShale023.jpeg;/images/gallery/tn/KerryShale023.jpeg;/images/gallery/KerryShale023.jpg;/images/gallery/KerryShale023.jpg;Kerry Shale;Kerry Shale;(TODO: Description is missing!);(TODO: Description is missing!)
null;null;/images/gallery/tn/KerryShale024.jpeg;/images/gallery/tn/KerryShale024.jpeg;/images/gallery/KerryShale024.jpg;/images/gallery/KerryShale024.jpg;Kerry Shale;Kerry Shale;(TODO: Description is missing!);(TODO: Description is missing!)
null;null;/images/gallery/tn/KerryShale025.jpeg;/images/gallery/tn/KerryShale025.jpeg;/images/gallery/KerryShale025.jpg;/images/gallery/KerryShale025.jpg;Kerry Shale;Kerry Shale;(TODO: Description is missing!);(TODO: Description is missing!)
null;null;/images/gallery/tn/KerryShale026.jpeg;/images/gallery/tn/KerryShale026.jpeg;/images/gallery/KerryShale026.jpg;/images/gallery/KerryShale026.jpg;Kerry Shale;Kerry Shale;(TODO: Description is missing!);(TODO: Description is missing!)
null;null;/images/gallery/tn/KerryShale027.jpeg;/images/gallery/tn/KerryShale027.jpeg;/images/gallery/KerryShale027.jpg;/images/gallery/KerryShale027.jpg;Kerry Shale;Kerry Shale;(TODO: Description is missing!);(TODO: Description is missing!)
null;null;/images/gallery/tn/KerryShale028.jpeg;/images/gallery/tn/KerryShale028.jpeg;/images/gallery/KerryShale028.jpg;/images/gallery/KerryShale028.jpg;Kerry Shale;Kerry Shale;(TODO: Description is missing!);(TODO: Description is missing!)
null;null;/images/gallery/tn/KerryShale029.jpeg;/images/gallery/tn/KerryShale029.jpeg;/images/gallery/KerryShale029.jpg;/images/gallery/KerryShale029.jpg;Kerry Shale;Kerry Shale;(TODO: Description is missing!);(TODO: Description is missing!)
null;null;/images/gallery/tn/KerryShale030.jpeg;/images/gallery/tn/KerryShale030.jpeg;/images/gallery/KerryShale030.jpg;/images/gallery/KerryShale030.jpg;Kerry Shale;Kerry Shale;(TODO: Description is missing!);(TODO: Description is missing!)
null;null;/images/gallery/tn/KerryShale031.jpeg;/images/gallery/tn/KerryShale031.jpeg;/images/gallery/KerryShale031.jpg;/images/gallery/KerryShale031.jpg;Kerry Shale;Kerry Shale;(TODO: Description is missing!);(TODO: Description is missing!)
null;null;/images/gallery/tn/KerryShale032.jpeg;/images/gallery/tn/KerryShale032.jpeg;/images/gallery/KerryShale032.jpg;/images/gallery/KerryShale032.jpg;Kerry Shale;Kerry Shale;(TODO: Description is missing!);(TODO: Description is missing!)
null;null;/images/gallery/tn/KerryShale033.jpeg;/images/gallery/tn/KerryShale033.jpeg;/images/gallery/KerryShale033.jpg;/images/gallery/KerryShale033.jpg;Kerry Shale;Kerry Shale;(TODO: Description is missing!);(TODO: Description is missing!)
null;null;/images/gallery/tn/KerryShale034.jpeg;/images/gallery/tn/KerryShale034.jpeg;/images/gallery/KerryShale034.jpg;/images/gallery/KerryShale034.jpg;Kerry Shale;Kerry Shale;(TODO: Description is missing!);(TODO: Description is missing!)
null;null;/images/gallery/tn/KerryShale035.jpeg;/images/gallery/tn/KerryShale035.jpeg;/images/gallery/KerryShale035.jpg;/images/gallery/KerryShale035.jpg;Kerry Shale;Kerry Shale;(TODO: Description is missing!);(TODO: Description is missing!)
null;null;/images/gallery/tn/KerryShale036.jpeg;/images/gallery/tn/KerryShale036.jpeg;/images/gallery/KerryShale036.jpg;/images/gallery/KerryShale036.jpg;Kerry Shale;Kerry Shale;(TODO: Description is missing!);(TODO: Description is missing!)
null;null;/images/gallery/tn/KerryShale037.jpeg;/images/gallery/tn/KerryShale037.jpeg;/images/gallery/KerryShale037.jpg;/images/gallery/KerryShale037.jpg;Kerry Shale;Kerry Shale;(TODO: Description is missing!);(TODO: Description is missing!)
null;null;/images/gallery/tn/KerryShale038.jpeg;/images/gallery/tn/KerryShale038.jpeg;/images/gallery/KerryShale038.jpg;/images/gallery/KerryShale038.jpg;Kerry Shale;Kerry Shale;(TODO: Description is missing!);(TODO: Description is missing!)
null;null;/images/gallery/tn/KerryShale039.jpeg;/images/gallery/tn/KerryShale039.jpeg;/images/gallery/KerryShale039.jpg;/images/gallery/KerryShale039.jpg;Kerry Shale;Kerry Shale;(TODO: Description is missing!);(TODO: Description is missing!)
null;null;/images/gallery/tn/KerryShale040.jpeg;/images/gallery/tn/KerryShale040.jpeg;/images/gallery/KerryShale040.jpg;/images/gallery/KerryShale040.jpg;Kerry Shale;Kerry Shale;(TODO: Description is missing!);(TODO: Description is missing!)
null;null;/images/gallery/tn/KerryShale041.jpeg;/images/gallery/tn/KerryShale041.jpeg;/images/gallery/KerryShale041.jpg;/images/gallery/KerryShale041.jpg;Kerry Shale;Kerry Shale;(TODO: Description is missing!);(TODO: Description is missing!)
null;null;/images/gallery/tn/KerryShale042.jpeg;/images/gallery/tn/KerryShale042.jpeg;/images/gallery/KerryShale042.jpg;/images/gallery/KerryShale042.jpg;Kerry Shale;Kerry Shale;(TODO: Description is missing!);(TODO: Description is missing!)
null;null;/images/gallery/tn/KerryShale043.jpeg;/images/gallery/tn/KerryShale043.jpeg;/images/gallery/KerryShale043.jpg;/images/gallery/KerryShale043.jpg;Kerry Shale;Kerry Shale;(TODO: Description is missing!);(TODO: Description is missing!)
null;null;/images/gallery/tn/KerryShale044.jpeg;/images/gallery/tn/KerryShale044.jpeg;/images/gallery/KerryShale044.jpg;/images/gallery/KerryShale044.jpg;Kerry Shale;Kerry Shale;(TODO: Description is missing!);(TODO: Description is missing!)
null;null;/images/gallery/tn/KerryShale045.jpeg;/images/gallery/tn/KerryShale045.jpeg;/images/gallery/KerryShale045.jpg;/images/gallery/KerryShale045.jpg;Kerry Shale;Kerry Shale;(TODO: Description is missing!);(TODO: Description is missing!)
null;null;/images/gallery/tn/KerryShale046.jpeg;/images/gallery/tn/KerryShale046.jpeg;/images/gallery/KerryShale046.jpg;/images/gallery/KerryShale046.jpg;Kerry Shale;Kerry Shale;(TODO: Description is missing!);(TODO: Description is missing!)
null;null;/images/gallery/tn/KerryShale047.jpeg;/images/gallery/tn/KerryShale047.jpeg;/images/gallery/KerryShale047.jpg;/images/gallery/KerryShale047.jpg;Kerry Shale;Kerry Shale;(TODO: Description is missing!);(TODO: Description is missing!)
null;null;/images/gallery/tn/KerryShale048.jpeg;/images/gallery/tn/KerryShale048.jpeg;/images/gallery/KerryShale048.jpg;/images/gallery/KerryShale048.jpg;Kerry Shale;Kerry Shale;(TODO: Description is missing!);(TODO: Description is missing!)
null;null;/images/gallery/tn/KerryShale049.jpeg;/images/gallery/tn/KerryShale049.jpeg;/images/gallery/KerryShale049.jpg;/images/gallery/KerryShale049.jpg;Kerry Shale;Kerry Shale;(TODO: Description is missing!);(TODO: Description is missing!)
null;null;/images/gallery/tn/KerryShale050.jpeg;/images/gallery/tn/KerryShale050.jpeg;/images/gallery/KerryShale050.jpg;/images/gallery/KerryShale050.jpg;Kerry Shale;Kerry Shale;(TODO: Description is missing!);(TODO: Description is missing!)
null;null;/images/gallery/tn/KerryShale051.jpeg;/images/gallery/tn/KerryShale051.jpeg;/images/gallery/KerryShale051.jpg;/images/gallery/KerryShale051.jpg;Kerry Shale;Kerry Shale;(TODO: Description is missing!);(TODO: Description is missing!)
null;null;/images/gallery/tn/KerryShale052.jpeg;/images/gallery/tn/KerryShale052.jpeg;/images/gallery/KerryShale052.jpg;/images/gallery/KerryShale052.jpg;Kerry Shale;Kerry Shale;(TODO: Description is missing!);(TODO: Description is missing!)
null;null;/images/gallery/tn/KerryShale053.jpeg;/images/gallery/tn/KerryShale053.jpeg;/images/gallery/KerryShale053.jpg;/images/gallery/KerryShale053.jpg;Kerry Shale;Kerry Shale;(TODO: Description is missing!);(TODO: Description is missing!)
null;null;/images/gallery/tn/KerryShale054.jpeg;/images/gallery/tn/KerryShale054.jpeg;/images/gallery/KerryShale054.jpg;/images/gallery/KerryShale054.jpg;Kerry Shale;Kerry Shale;(TODO: Description is missing!);(TODO: Description is missing!)
null;null;/images/gallery/tn/KerryShale055.jpeg;/images/gallery/tn/KerryShale055.jpeg;/images/gallery/KerryShale055.jpg;/images/gallery/KerryShale055.jpg;Kerry Shale;Kerry Shale;(TODO: Description is missing!);(TODO: Description is missing!)
null;null;/images/gallery/tn/KerryShale056.jpeg;/images/gallery/tn/KerryShale056.jpeg;/images/gallery/KerryShale056.jpg;/images/gallery/KerryShale056.jpg;Kerry Shale;Kerry Shale;(TODO: Description is missing!);(TODO: Description is missing!)
null;null;/images/gallery/tn/KerryShale057.jpeg;/images/gallery/tn/KerryShale057.jpeg;/images/gallery/KerryShale057.jpg;/images/gallery/KerryShale057.jpg;Kerry Shale;Kerry Shale;(TODO: Description is missing!);(TODO: Description is missing!)
null;null;/images/gallery/tn/KerryShale058.jpeg;/images/gallery/tn/KerryShale058.jpeg;/images/gallery/KerryShale058.jpg;/images/gallery/KerryShale058.jpg;Kerry Shale;Kerry Shale;(TODO: Description is missing!);(TODO: Description is missing!)
null;null;/images/gallery/tn/KerryShale059.jpeg;/images/gallery/tn/KerryShale059.jpeg;/images/gallery/KerryShale059.jpg;/images/gallery/KerryShale059.jpg;Kerry Shale;Kerry Shale;(TODO: Description is missing!);(TODO: Description is missing!)
null;null;/images/gallery/tn/KerryShale060.jpeg;/images/gallery/tn/KerryShale060.jpeg;/images/gallery/KerryShale060.jpg;/images/gallery/KerryShale060.jpg;Kerry Shale;Kerry Shale;(TODO: Description is missing!);(TODO: Description is missing!)
null;null;/images/gallery/tn/KerryShale061.jpeg;/images/gallery/tn/KerryShale061.jpeg;/images/gallery/KerryShale061.jpg;/images/gallery/KerryShale061.jpg;Kerry Shale;Kerry Shale;(TODO: Description is missing!);(TODO: Description is missing!)
null;null;/images/gallery/tn/KerryShale062.jpeg;/images/gallery/tn/KerryShale062.jpeg;/images/gallery/KerryShale062.jpg;/images/gallery/KerryShale062.jpg;Kerry Shale;Kerry Shale;(TODO: Description is missing!);(TODO: Description is missing!)
null;null;/images/gallery/tn/KerryShale063.jpeg;/images/gallery/tn/KerryShale063.jpeg;/images/gallery/KerryShale063.jpg;/images/gallery/KerryShale063.jpg;Kerry Shale;Kerry Shale;(TODO: Description is missing!);(TODO: Description is missing!)
null;null;/images/gallery/tn/KerryShale064.jpeg;/images/gallery/tn/KerryShale064.jpeg;/images/gallery/KerryShale064.jpg;/images/gallery/KerryShale064.jpg;Kerry Shale;Kerry Shale;(TODO: Description is missing!);(TODO: Description is missing!)
null;null;/images/gallery/tn/KerryShale065.jpeg;/images/gallery/tn/KerryShale065.jpeg;/images/gallery/KerryShale065.jpg;/images/gallery/KerryShale065.jpg;Kerry Shale;Kerry Shale;(TODO: Description is missing!);(TODO: Description is missing!)
null;null;/images/gallery/tn/KerryShale066.jpeg;/images/gallery/tn/KerryShale066.jpeg;/images/gallery/KerryShale066.jpg;/images/gallery/KerryShale066.jpg;Kerry Shale;Kerry Shale;(TODO: Description is missing!);(TODO: Description is missing!)
null;null;/images/gallery/tn/KerryShale067.jpeg;/images/gallery/tn/KerryShale067.jpeg;/images/gallery/KerryShale067.jpg;/images/gallery/KerryShale067.jpg;Kerry Shale;Kerry Shale;(TODO: Description is missing!);(TODO: Description is missing!)
null;null;/images/gallery/tn/KerryShale068.jpeg;/images/gallery/tn/KerryShale068.jpeg;/images/gallery/KerryShale068.jpg;/images/gallery/KerryShale068.jpg;Kerry Shale;Kerry Shale;(TODO: Description is missing!);(TODO: Description is missing!)
null;null;/images/gallery/tn/KerryShale069.jpeg;/images/gallery/tn/KerryShale069.jpeg;/images/gallery/KerryShale069.jpg;/images/gallery/KerryShale069.jpg;Kerry Shale;Kerry Shale;(TODO: Description is missing!);(TODO: Description is missing!)
null;null;/images/gallery/tn/KerryShale070.jpeg;/images/gallery/tn/KerryShale070.jpeg;/images/gallery/KerryShale070.jpg;/images/gallery/KerryShale070.jpg;Kerry Shale;Kerry Shale;(TODO: Description is missing!);(TODO: Description is missing!)
null;null;/images/gallery/tn/KerryShale071.jpeg;/images/gallery/tn/KerryShale071.jpeg;/images/gallery/KerryShale071.jpg;/images/gallery/KerryShale071.jpg;Kerry Shale;Kerry Shale;(TODO: Description is missing!);(TODO: Description is missing!)
null;null;/images/gallery/tn/KerryShale072.jpeg;/images/gallery/tn/KerryShale072.jpeg;/images/gallery/KerryShale072.jpg;/images/gallery/KerryShale072.jpg;Kerry Shale;Kerry Shale;(TODO: Description is missing!);(TODO: Description is missing!)
null;null;/images/gallery/tn/KerryShale073.jpeg;/images/gallery/tn/KerryShale073.jpeg;/images/gallery/KerryShale073.jpg;/images/gallery/KerryShale073.jpg;Kerry Shale;Kerry Shale;(TODO: Description is missing!);(TODO: Description is missing!)
null;null;/images/gallery/tn/KerryShale074.jpeg;/images/gallery/tn/KerryShale074.jpeg;/images/gallery/KerryShale074.jpg;/images/gallery/KerryShale074.jpg;Kerry Shale;Kerry Shale;(TODO: Description is missing!);(TODO: Description is missing!)
null;null;/images/gallery/tn/KerryShale075.jpeg;/images/gallery/tn/KerryShale075.jpeg;/images/gallery/KerryShale075.jpg;/images/gallery/KerryShale075.jpg;Kerry Shale;Kerry Shale;(TODO: Description is missing!);(TODO: Description is missing!)
null;null;/images/gallery/tn/KerryShale076.jpeg;/images/gallery/tn/KerryShale076.jpeg;/images/gallery/KerryShale076.jpg;/images/gallery/KerryShale076.jpg;Kerry Shale;Kerry Shale;(TODO: Description is missing!);(TODO: Description is missing!)
null;null;/images/gallery/tn/KerryShale077.jpeg;/images/gallery/tn/KerryShale077.jpeg;/images/gallery/KerryShale077.jpg;/images/gallery/KerryShale077.jpg;Kerry Shale;Kerry Shale;(TODO: Description is missing!);(TODO: Description is missing!)
null;null;/images/gallery/tn/KerryShale078.jpeg;/images/gallery/tn/KerryShale078.jpeg;/images/gallery/KerryShale078.jpg;/images/gallery/KerryShale078.jpg;Kerry Shale;Kerry Shale;(TODO: Description is missing!);(TODO: Description is missing!)
null;null;/images/gallery/tn/KerryShale079.jpeg;/images/gallery/tn/KerryShale079.jpeg;/images/gallery/KerryShale079.jpg;/images/gallery/KerryShale079.jpg;Kerry Shale;Kerry Shale;(TODO: Description is missing!);(TODO: Description is missing!)
null;null;/images/gallery/tn/KerryShale080.jpeg;/images/gallery/tn/KerryShale080.jpeg;/images/gallery/KerryShale080.jpg;/images/gallery/KerryShale080.jpg;Kerry Shale;Kerry Shale;(TODO: Description is missing!);(TODO: Description is missing!)
null;null;/images/gallery/tn/KerryShale081.jpeg;/images/gallery/tn/KerryShale081.jpeg;/images/gallery/KerryShale081.jpg;/images/gallery/KerryShale081.jpg;Kerry Shale;Kerry Shale;(TODO: Description is missing!);(TODO: Description is missing!)
null;null;/images/gallery/tn/KerryShale082.jpeg;/images/gallery/tn/KerryShale082.jpeg;/images/gallery/KerryShale082.jpg;/images/gallery/KerryShale082.jpg;Kerry Shale;Kerry Shale;(TODO: Description is missing!);(TODO: Description is missing!)
null;null;/images/gallery/tn/KerryShale083.jpeg;/images/gallery/tn/KerryShale083.jpeg;/images/gallery/KerryShale083.jpg;/images/gallery/KerryShale083.jpg;Kerry Shale;Kerry Shale;(TODO: Description is missing!);(TODO: Description is missing!)
null;null;/images/gallery/tn/KerryShale084.jpeg;/images/gallery/tn/KerryShale084.jpeg;/images/gallery/KerryShale084.jpg;/images/gallery/KerryShale084.jpg;Kerry Shale;Kerry Shale;(TODO: Description is missing!);(TODO: Description is missing!)
null;null;/images/gallery/tn/KerryShale085.jpeg;/images/gallery/tn/KerryShale085.jpeg;/images/gallery/KerryShale085.jpg;/images/gallery/KerryShale085.jpg;Kerry Shale;Kerry Shale;(TODO: Description is missing!);(TODO: Description is missing!)
null;null;/images/gallery/tn/KerryShale086.jpeg;/images/gallery/tn/KerryShale086.jpeg;/images/gallery/KerryShale086.jpg;/images/gallery/KerryShale086.jpg;Kerry Shale;Kerry Shale;(TODO: Description is missing!);(TODO: Description is missing!)
null;null;/images/gallery/tn/KerryShale087.jpeg;/images/gallery/tn/KerryShale087.jpeg;/images/gallery/KerryShale087.jpg;/images/gallery/KerryShale087.jpg;Kerry Shale;Kerry Shale;(TODO: Description is missing!);(TODO: Description is missing!)
null;null;/images/gallery/tn/KerryShale088.jpeg;/images/gallery/tn/KerryShale088.jpeg;/images/gallery/KerryShale088.jpg;/images/gallery/KerryShale088.jpg;Kerry Shale;Kerry Shale;(TODO: Description is missing!);(TODO: Description is missing!)
null;null;/images/gallery/tn/KerryShale089.jpeg;/images/gallery/tn/KerryShale089.jpeg;/images/gallery/KerryShale089.jpg;/images/gallery/KerryShale089.jpg;Kerry Shale;Kerry Shale;(TODO: Description is missing!);(TODO: Description is missing!)
null;null;/images/gallery/tn/KerryShale090.jpeg;/images/gallery/tn/KerryShale090.jpeg;/images/gallery/KerryShale090.jpg;/images/gallery/KerryShale090.jpg;Kerry Shale;Kerry Shale;(TODO: Description is missing!);(TODO: Description is missing!)
null;null;/images/gallery/tn/KerryShale091.jpeg;/images/gallery/tn/KerryShale091.jpeg;/images/gallery/KerryShale091.jpg;/images/gallery/KerryShale091.jpg;Kerry Shale;Kerry Shale;(TODO: Description is missing!);(TODO: Description is missing!)
null;null;/images/gallery/tn/KerryShale092.jpeg;/images/gallery/tn/KerryShale092.jpeg;/images/gallery/KerryShale092.jpg;/images/gallery/KerryShale092.jpg;Kerry Shale;Kerry Shale;(TODO: Description is missing!);(TODO: Description is missing!)
null;null;/images/gallery/tn/KerryShale093.jpeg;/images/gallery/tn/KerryShale093.jpeg;/images/gallery/KerryShale093.jpg;/images/gallery/KerryShale093.jpg;Kerry Shale;Kerry Shale;(TODO: Description is missing!);(TODO: Description is missing!)
null;null;/images/gallery/tn/KerryShale094.jpeg;/images/gallery/tn/KerryShale094.jpeg;/images/gallery/KerryShale094.jpg;/images/gallery/KerryShale094.jpg;Kerry Shale;Kerry Shale;(TODO: Description is missing!);(TODO: Description is missing!)
null;null;/images/gallery/tn/KerryShale095.jpeg;/images/gallery/tn/KerryShale095.jpeg;/images/gallery/KerryShale095.jpg;/images/gallery/KerryShale095.jpg;Kerry Shale;Kerry Shale;(TODO: Description is missing!);(TODO: Description is missing!)
null;null;/images/gallery/tn/KerryShale096.jpeg;/images/gallery/tn/KerryShale096.jpeg;/images/gallery/KerryShale096.jpg;/images/gallery/KerryShale096.jpg;Kerry Shale;Kerry Shale;(TODO: Description is missing!);(TODO: Description is missing!)
null;null;/images/gallery/tn/KerryShale097.jpeg;/images/gallery/tn/KerryShale097.jpeg;/images/gallery/KerryShale097.jpg;/images/gallery/KerryShale097.jpg;Kerry Shale;Kerry Shale;(TODO: Description is missing!);(TODO: Description is missing!)
null;null;/images/gallery/tn/KerryShale098.jpeg;/images/gallery/tn/KerryShale098.jpeg;/images/gallery/KerryShale098.jpg;/images/gallery/KerryShale098.jpg;Kerry Shale;Kerry Shale;(TODO: Description is missing!);(TODO: Description is missing!)
null;null;/images/gallery/tn/KerryShale099.jpeg;/images/gallery/tn/KerryShale099.jpeg;/images/gallery/KerryShale099.jpg;/images/gallery/KerryShale099.jpg;Kerry Shale;Kerry Shale;(TODO: Description is missing!);(TODO: Description is missing!)
null;null;/images/gallery/tn/KerryShale100.jpeg;/images/gallery/tn/KerryShale100.jpeg;/images/gallery/KerryShale100.jpg;/images/gallery/KerryShale100.jpg;Kerry Shale;Kerry Shale;(TODO: Description is missing!);(TODO: Description is missing!)
null;null;/images/gallery/tn/KerryShale101.jpeg;/images/gallery/tn/KerryShale101.jpeg;/images/gallery/KerryShale101.jpg;/images/gallery/KerryShale101.jpg;Kerry Shale;Kerry Shale;(TODO: Description is missing!);(TODO: Description is missing!)
null;null;/images/gallery/tn/KerryShale102.jpeg;/images/gallery/tn/KerryShale102.jpeg;/images/gallery/KerryShale102.jpg;/images/gallery/KerryShale102.jpg;Kerry Shale;Kerry Shale;(TODO: Description is missing!);(TODO: Description is missing!)
null;null;/images/gallery/tn/KerryShale103.jpeg;/images/gallery/tn/KerryShale103.jpeg;/images/gallery/KerryShale103.jpg;/images/gallery/KerryShale103.jpg;Kerry Shale;Kerry Shale;(TODO: Description is missing!);(TODO: Description is missing!)
null;null;/images/gallery/tn/KerryShale104.jpeg;/images/gallery/tn/KerryShale104.jpeg;/images/gallery/KerryShale104.jpg;/images/gallery/KerryShale104.jpg;Kerry Shale;Kerry Shale;(TODO: Description is missing!);(TODO: Description is missing!)
null;null;/images/gallery/tn/KerryShale105.jpeg;/images/gallery/tn/KerryShale105.jpeg;/images/gallery/KerryShale105.jpg;/images/gallery/KerryShale105.jpg;Kerry Shale;Kerry Shale;(TODO: Description is missing!);(TODO: Description is missing!)
null;null;/images/gallery/tn/KerryShale106.jpeg;/images/gallery/tn/KerryShale106.jpeg;/images/gallery/KerryShale106.jpg;/images/gallery/KerryShale106.jpg;Kerry Shale;Kerry Shale;(TODO: Description is missing!);(TODO: Description is missing!)
null;null;/images/gallery/tn/KerryShale107.jpeg;/images/gallery/tn/KerryShale107.jpeg;/images/gallery/KerryShale107.jpg;/images/gallery/KerryShale107.jpg;Kerry Shale;Kerry Shale;(TODO: Description is missing!);(TODO: Description is missing!)
null;null;/images/gallery/tn/KerryShale108.jpeg;/images/gallery/tn/KerryShale108.jpeg;/images/gallery/KerryShale108.jpg;/images/gallery/KerryShale108.jpg;Kerry Shale;Kerry Shale;(TODO: Description is missing!);(TODO: Description is missing!)
null;null;/images/gallery/tn/KerryShale109.jpeg;/images/gallery/tn/KerryShale109.jpeg;/images/gallery/KerryShale109.jpg;/images/gallery/KerryShale109.jpg;Kerry Shale;Kerry Shale;(TODO: Description is missing!);(TODO: Description is missing!)
null;null;/images/gallery/tn/KerryShale110.jpeg;/images/gallery/tn/KerryShale110.jpeg;/images/gallery/KerryShale110.jpg;/images/gallery/KerryShale110.jpg;Kerry Shale;Kerry Shale;(TODO: Description is missing!);(TODO: Description is missing!)
null;null;/images/gallery/tn/KerryShale111.jpeg;/images/gallery/tn/KerryShale111.jpeg;/images/gallery/KerryShale111.jpg;/images/gallery/KerryShale111.jpg;Kerry Shale;Kerry Shale;(TODO: Description is missing!);(TODO: Description is missing!)
null;null;/images/gallery/tn/KerryShale112.jpeg;/images/gallery/tn/KerryShale112.jpeg;/images/gallery/KerryShale112.jpg;/images/gallery/KerryShale112.jpg;Kerry Shale;Kerry Shale;(TODO: Description is missing!);(TODO: Description is missing!)
null;null;/images/gallery/tn/KerryShale113.jpeg;/images/gallery/tn/KerryShale113.jpeg;/images/gallery/KerryShale113.jpg;/images/gallery/KerryShale113.jpg;Kerry Shale;Kerry Shale;(TODO: Description is missing!);(TODO: Description is missing!)
null;null;/images/gallery/tn/KerryShale114.jpeg;/images/gallery/tn/KerryShale114.jpeg;/images/gallery/KerryShale114.jpg;/images/gallery/KerryShale114.jpg;Kerry Shale;Kerry Shale;(TODO: Description is missing!);(TODO: Description is missing!)
null;null;/images/gallery/tn/KerryShale115.jpeg;/images/gallery/tn/KerryShale115.jpeg;/images/gallery/KerryShale115.jpg;/images/gallery/KerryShale115.jpg;Kerry Shale;Kerry Shale;(TODO: Description is missing!);(TODO: Description is missing!)
null;null;/images/gallery/tn/KerryShale116.jpeg;/images/gallery/tn/KerryShale116.jpeg;/images/gallery/KerryShale116.jpg;/images/gallery/KerryShale116.jpg;Kerry Shale;Kerry Shale;(TODO: Description is missing!);(TODO: Description is missing!)
null;null;/images/gallery/tn/KerryShale117.jpeg;/images/gallery/tn/KerryShale117.jpeg;/images/gallery/KerryShale117.jpg;/images/gallery/KerryShale117.jpg;Kerry Shale;Kerry Shale;(TODO: Description is missing!);(TODO: Description is missing!)
null;null;/images/gallery/tn/KerryShale118.jpeg;/images/gallery/tn/KerryShale118.jpeg;/images/gallery/KerryShale118.jpg;/images/gallery/KerryShale118.jpg;Kerry Shale;Kerry Shale;(TODO: Description is missing!);(TODO: Description is missing!)
null;null;/images/gallery/tn/KerryShale119.jpeg;/images/gallery/tn/KerryShale119.jpeg;/images/gallery/KerryShale119.jpg;/images/gallery/KerryShale119.jpg;Kerry Shale;Kerry Shale;(TODO: Description is missing!);(TODO: Description is missing!)
null;null;/images/gallery/tn/KerryShale120.jpeg;/images/gallery/tn/KerryShale120.jpeg;/images/gallery/KerryShale120.jpg;/images/gallery/KerryShale120.jpg;Kerry Shale;Kerry Shale;(TODO: Description is missing!);(TODO: Description is missing!)
null;null;/images/gallery/tn/KerryShale121.jpeg;/images/gallery/tn/KerryShale121.jpeg;/images/gallery/KerryShale121.jpg;/images/gallery/KerryShale121.jpg;Kerry Shale;Kerry Shale;(TODO: Description is missing!);(TODO: Description is missing!)
null;null;/images/gallery/tn/KerryShale122.jpeg;/images/gallery/tn/KerryShale122.jpeg;/images/gallery/KerryShale122.jpg;/images/gallery/KerryShale122.jpg;Kerry Shale;Kerry Shale;(TODO: Description is missing!);(TODO: Description is missing!)
null;null;/images/gallery/tn/KerryShale123.jpeg;/images/gallery/tn/KerryShale123.jpeg;/images/gallery/KerryShale123.jpg;/images/gallery/KerryShale123.jpg;Kerry Shale;Kerry Shale;(TODO: Description is missing!);(TODO: Description is missing!)
null;null;/images/gallery/tn/KerryShale124.jpeg;/images/gallery/tn/KerryShale124.jpeg;/images/gallery/KerryShale124.jpg;/images/gallery/KerryShale124.jpg;Kerry Shale;Kerry Shale;(TODO: Description is missing!);(TODO: Description is missing!)
null;null;/images/gallery/tn/KerryShale125.jpeg;/images/gallery/tn/KerryShale125.jpeg;/images/gallery/KerryShale125.jpg;/images/gallery/KerryShale125.jpg;Kerry Shale;Kerry Shale;(TODO: Description is missing!);(TODO: Description is missing!)
null;null;/images/gallery/tn/KerryShale126.jpeg;/images/gallery/tn/KerryShale126.jpeg;/images/gallery/KerryShale126.jpg;/images/gallery/KerryShale126.jpg;Kerry Shale;Kerry Shale;(TODO: Description is missing!);(TODO: Description is missing!)
null;null;/images/gallery/tn/KerryShale127.jpeg;/images/gallery/tn/KerryShale127.jpeg;/images/gallery/KerryShale127.jpg;/images/gallery/KerryShale127.jpg;Kerry Shale;Kerry Shale;(TODO: Description is missing!);(TODO: Description is missing!)
null;null;/images/gallery/tn/KerryShale128.jpeg;/images/gallery/tn/KerryShale128.jpeg;/images/gallery/KerryShale128.jpg;/images/gallery/KerryShale128.jpg;Kerry Shale;Kerry Shale;(TODO: Description is missing!);(TODO: Description is missing!)
null;null;/images/gallery/tn/KerryShale129.jpeg;/images/gallery/tn/KerryShale129.jpeg;/images/gallery/KerryShale129.jpg;/images/gallery/KerryShale129.jpg;Kerry Shale;Kerry Shale;(TODO: Description is missing!);(TODO: Description is missing!)
null;null;/images/gallery/tn/KerryShale130.jpeg;/images/gallery/tn/KerryShale130.jpeg;/images/gallery/KerryShale130.jpg;/images/gallery/KerryShale130.jpg;Kerry Shale;Kerry Shale;(TODO: Description is missing!);(TODO: Description is missing!)
null;null;/images/gallery/tn/KerryShale131.jpeg;/images/gallery/tn/KerryShale131.jpeg;/images/gallery/KerryShale131.jpg;/images/gallery/KerryShale131.jpg;Kerry Shale;Kerry Shale;(TODO: Description is missing!);(TODO: Description is missing!)
null;null;/images/gallery/tn/KerryShale132.jpeg;/images/gallery/tn/KerryShale132.jpeg;/images/gallery/KerryShale132.jpg;/images/gallery/KerryShale132.jpg;Kerry Shale;Kerry Shale;(TODO: Description is missing!);(TODO: Description is missing!)
null;null;/images/gallery/tn/KerryShale133.jpeg;/images/gallery/tn/KerryShale133.jpeg;/images/gallery/KerryShale133.jpg;/images/gallery/KerryShale133.jpg;Kerry Shale;Kerry Shale;(TODO: Description is missing!);(TODO: Description is missing!)
null;null;/images/gallery/tn/KerryShale134.jpeg;/images/gallery/tn/KerryShale134.jpeg;/images/gallery/KerryShale134.jpg;/images/gallery/KerryShale134.jpg;Kerry Shale;Kerry Shale;(TODO: Description is missing!);(TODO: Description is missing!)
null;null;/images/gallery/tn/KerryShale135.jpeg;/images/gallery/tn/KerryShale135.jpeg;/images/gallery/KerryShale135.jpg;/images/gallery/KerryShale135.jpg;Kerry Shale;Kerry Shale;(TODO: Description is missing!);(TODO: Description is missing!)
null;null;/images/gallery/tn/KerryShale136.jpeg;/images/gallery/tn/KerryShale136.jpeg;/images/gallery/KerryShale136.jpg;/images/gallery/KerryShale136.jpg;Kerry Shale;Kerry Shale;(TODO: Description is missing!);(TODO: Description is missing!)
null;null;/images/gallery/tn/KerryShale137.jpeg;/images/gallery/tn/KerryShale137.jpeg;/images/gallery/KerryShale137.jpg;/images/gallery/KerryShale137.jpg;Kerry Shale;Kerry Shale;(TODO: Description is missing!);(TODO: Description is missing!)
null;null;/images/gallery/tn/KerryShale138.jpeg;/images/gallery/tn/KerryShale138.jpeg;/images/gallery/KerryShale138.jpg;/images/gallery/KerryShale138.jpg;Kerry Shale;Kerry Shale;(TODO: Description is missing!);(TODO: Description is missing!)
null;null;/images/gallery/tn/KerryShale139.jpeg;/images/gallery/tn/KerryShale139.jpeg;/images/gallery/KerryShale139.jpg;/images/gallery/KerryShale139.jpg;Kerry Shale;Kerry Shale;(TODO: Description is missing!);(TODO: Description is missing!)
null;null;/images/gallery/tn/KerryShale140.jpeg;/images/gallery/tn/KerryShale140.jpeg;/images/gallery/KerryShale140.jpg;/images/gallery/KerryShale140.jpg;Kerry Shale;Kerry Shale;(TODO: Description is missing!);(TODO: Description is missing!)
null;null;/images/gallery/tn/KerryShale141.jpeg;/images/gallery/tn/KerryShale141.jpeg;/images/gallery/KerryShale141.jpg;/images/gallery/KerryShale141.jpg;Kerry Shale;Kerry Shale;(TODO: Description is missing!);(TODO: Description is missing!)
null;null;/images/gallery/tn/KerryShale142.jpeg;/images/gallery/tn/KerryShale142.jpeg;/images/gallery/KerryShale142.jpg;/images/gallery/KerryShale142.jpg;Kerry Shale;Kerry Shale;(TODO: Description is missing!);(TODO: Description is missing!)
null;null;/images/gallery/tn/KerryShale143.jpeg;/images/gallery/tn/KerryShale143.jpeg;/images/gallery/KerryShale143.jpg;/images/gallery/KerryShale143.jpg;Kerry Shale;Kerry Shale;(TODO: Description is missing!);(TODO: Description is missing!)
null;null;/images/gallery/tn/KerryShale144.jpeg;/images/gallery/tn/KerryShale144.jpeg;/images/gallery/KerryShale144.jpg;/images/gallery/KerryShale144.jpg;Kerry Shale;Kerry Shale;(TODO: Description is missing!);(TODO: Description is missing!)
null;null;/images/gallery/tn/KerryShale145.jpeg;/images/gallery/tn/KerryShale145.jpeg;/images/gallery/KerryShale145.jpg;/images/gallery/KerryShale145.jpg;Kerry Shale;Kerry Shale;(TODO: Description is missing!);(TODO: Description is missing!)
null;null;/images/gallery/tn/KerryShale146.jpeg;/images/gallery/tn/KerryShale146.jpeg;/images/gallery/KerryShale146.jpg;/images/gallery/KerryShale146.jpg;Kerry Shale;Kerry Shale;(TODO: Description is missing!);(TODO: Description is missing!)
null;null;/images/gallery/tn/KerryShale147.jpeg;/images/gallery/tn/KerryShale147.jpeg;/images/gallery/KerryShale147.jpg;/images/gallery/KerryShale147.jpg;Kerry Shale;Kerry Shale;(TODO: Description is missing!);(TODO: Description is missing!)
null;null;/images/gallery/tn/KerryShale148.jpeg;/images/gallery/tn/KerryShale148.jpeg;/images/gallery/KerryShale148.jpg;/images/gallery/KerryShale148.jpg;Kerry Shale;Kerry Shale;(TODO: Description is missing!);(TODO: Description is missing!)
null;null;/images/gallery/tn/KerryShale149.jpeg;/images/gallery/tn/KerryShale149.jpeg;/images/gallery/KerryShale149.jpg;/images/gallery/KerryShale149.jpg;Kerry Shale;Kerry Shale;(TODO: Description is missing!);(TODO: Description is missing!)
null;null;/images/gallery/tn/KerryShale150.jpeg;/images/gallery/tn/KerryShale150.jpeg;/images/gallery/KerryShale150.jpg;/images/gallery/KerryShale150.jpg;Kerry Shale;Kerry Shale;(TODO: Description is missing!);(TODO: Description is missing!)
null;null;/images/gallery/tn/KerryShale151.jpeg;/images/gallery/tn/KerryShale151.jpeg;/images/gallery/KerryShale151.jpg;/images/gallery/KerryShale151.jpg;Kerry Shale;Kerry Shale;(TODO: Description is missing!);(TODO: Description is missing!)
null;null;/images/gallery/tn/KerryShale152.jpeg;/images/gallery/tn/KerryShale152.jpeg;/images/gallery/KerryShale152.jpg;/images/gallery/KerryShale152.jpg;Kerry Shale;Kerry Shale;(TODO: Description is missing!);(TODO: Description is missing!)
null;null;/images/gallery/tn/KerryShale153.jpeg;/images/gallery/tn/KerryShale153.jpeg;/images/gallery/KerryShale153.jpg;/images/gallery/KerryShale153.jpg;Kerry Shale;Kerry Shale;(TODO: Description is missing!);(TODO: Description is missing!)
null;null;/images/gallery/tn/KerryShale154.jpeg;/images/gallery/tn/KerryShale154.jpeg;/images/gallery/KerryShale154.jpg;/images/gallery/KerryShale154.jpg;Kerry Shale;Kerry Shale;(TODO: Description is missing!);(TODO: Description is missing!)
null;null;/images/gallery/tn/KerryShale155.jpeg;/images/gallery/tn/KerryShale155.jpeg;/images/gallery/KerryShale155.jpg;/images/gallery/KerryShale155.jpg;Kerry Shale;Kerry Shale;(TODO: Description is missing!);(TODO: Description is missing!)
null;null;/images/gallery/tn/KerryShale156.jpeg;/images/gallery/tn/KerryShale156.jpeg;/images/gallery/KerryShale156.jpg;/images/gallery/KerryShale156.jpg;Kerry Shale;Kerry Shale;(TODO: Description is missing!);(TODO: Description is missing!)
null;null;/images/gallery/tn/KerryShale157.jpeg;/images/gallery/tn/KerryShale157.jpeg;/images/gallery/KerryShale157.jpg;/images/gallery/KerryShale157.jpg;Kerry Shale;Kerry Shale;(TODO: Description is missing!);(TODO: Description is missing!)
null;null;/images/gallery/tn/KerryShale158.jpeg;/images/gallery/tn/KerryShale158.jpeg;/images/gallery/KerryShale158.jpg;/images/gallery/KerryShale158.jpg;Kerry Shale;Kerry Shale;(TODO: Description is missing!);(TODO: Description is missing!)
null;null;/images/gallery/tn/KerryShale159.jpeg;/images/gallery/tn/KerryShale159.jpeg;/images/gallery/KerryShale159.jpg;/images/gallery/KerryShale159.jpg;Kerry Shale;Kerry Shale;(TODO: Description is missing!);(TODO: Description is missing!)
null;null;/images/gallery/tn/KerryShale160.jpeg;/images/gallery/tn/KerryShale160.jpeg;/images/gallery/KerryShale160.jpg;/images/gallery/KerryShale160.jpg;Kerry Shale;Kerry Shale;(TODO: Description is missing!);(TODO: Description is missing!)
null;null;/images/gallery/tn/KerryShale161.jpeg;/images/gallery/tn/KerryShale161.jpeg;/images/gallery/KerryShale161.jpg;/images/gallery/KerryShale161.jpg;Kerry Shale;Kerry Shale;(TODO: Description is missing!);(TODO: Description is missing!)
null;null;/images/gallery/tn/KerryShale162.jpeg;/images/gallery/tn/KerryShale162.jpeg;/images/gallery/KerryShale162.jpg;/images/gallery/KerryShale162.jpg;Kerry Shale;Kerry Shale;(TODO: Description is missing!);(TODO: Description is missing!)
null;null;/images/gallery/tn/KerryShale163.jpeg;/images/gallery/tn/KerryShale163.jpeg;/images/gallery/KerryShale163.jpg;/images/gallery/KerryShale163.jpg;Kerry Shale;Kerry Shale;(TODO: Description is missing!);(TODO: Description is missing!)
null;null;/images/gallery/tn/KerryShale164.jpeg;/images/gallery/tn/KerryShale164.jpeg;/images/gallery/KerryShale164.jpg;/images/gallery/KerryShale164.jpg;Kerry Shale;Kerry Shale;(TODO: Description is missing!);(TODO: Description is missing!)
null;null;/images/gallery/tn/KerryShale165.jpeg;/images/gallery/tn/KerryShale165.jpeg;/images/gallery/KerryShale165.jpg;/images/gallery/KerryShale165.jpg;Kerry Shale;Kerry Shale;(TODO: Description is missing!);(TODO: Description is missing!)
null;null;/images/gallery/tn/KerryShale166.jpeg;/images/gallery/tn/KerryShale166.jpeg;/images/gallery/KerryShale166.jpg;/images/gallery/KerryShale166.jpg;Kerry Shale;Kerry Shale;(TODO: Description is missing!);(TODO: Description is missing!)
null;null;/images/gallery/tn/KerryShale167.jpeg;/images/gallery/tn/KerryShale167.jpeg;/images/gallery/KerryShale167.jpg;/images/gallery/KerryShale167.jpg;Kerry Shale;Kerry Shale;(TODO: Description is missing!);(TODO: Description is missing!)
null;null;/images/gallery/tn/KerryShale168.jpeg;/images/gallery/tn/KerryShale168.jpeg;/images/gallery/KerryShale168.jpg;/images/gallery/KerryShale168.jpg;Kerry Shale;Kerry Shale;(TODO: Description is missing!);(TODO: Description is missing!)
null;null;/images/gallery/tn/KerryShale169.jpeg;/images/gallery/tn/KerryShale169.jpeg;/images/gallery/KerryShale169.jpg;/images/gallery/KerryShale169.jpg;Kerry Shale;Kerry Shale;(TODO: Description is missing!);(TODO: Description is missing!)
null;null;/images/gallery/tn/KerryShale170.jpeg;/images/gallery/tn/KerryShale170.jpeg;/images/gallery/KerryShale170.jpg;/images/gallery/KerryShale170.jpg;Kerry Shale;Kerry Shale;(TODO: Description is missing!);(TODO: Description is missing!)
null;null;/images/gallery/tn/KerryShale171.jpeg;/images/gallery/tn/KerryShale171.jpeg;/images/gallery/KerryShale171.jpg;/images/gallery/KerryShale171.jpg;Kerry Shale;Kerry Shale;(TODO: Description is missing!);(TODO: Description is missing!)
null;null;/images/gallery/tn/KerryShale172.jpeg;/images/gallery/tn/KerryShale172.jpeg;/images/gallery/KerryShale172.jpg;/images/gallery/KerryShale172.jpg;Kerry Shale;Kerry Shale;(TODO: Description is missing!);(TODO: Description is missing!)
null;null;/images/gallery/tn/KerryShale173.jpeg;/images/gallery/tn/KerryShale173.jpeg;/images/gallery/KerryShale173.jpg;/images/gallery/KerryShale173.jpg;Kerry Shale;Kerry Shale;(TODO: Description is missing!);(TODO: Description is missing!)
null;null;/images/gallery/tn/KerryShale174.jpeg;/images/gallery/tn/KerryShale174.jpeg;/images/gallery/KerryShale174.jpg;/images/gallery/KerryShale174.jpg;Kerry Shale;Kerry Shale;(TODO: Description is missing!);(TODO: Description is missing!)
null;null;/images/gallery/tn/KerryShale175.jpeg;/images/gallery/tn/KerryShale175.jpeg;/images/gallery/KerryShale175.jpg;/images/gallery/KerryShale175.jpg;Kerry Shale;Kerry Shale;(TODO: Description is missing!);(TODO: Description is missing!)
null;null;/images/gallery/tn/KerryShale176.jpeg;/images/gallery/tn/KerryShale176.jpeg;/images/gallery/KerryShale176.jpg;/images/gallery/KerryShale176.jpg;Kerry Shale;Kerry Shale;(TODO: Description is missing!);(TODO: Description is missing!)
null;null;/images/gallery/tn/KerryShale177.jpeg;/images/gallery/tn/KerryShale177.jpeg;/images/gallery/KerryShale177.jpg;/images/gallery/KerryShale177.jpg;Kerry Shale;Kerry Shale;(TODO: Description is missing!);(TODO: Description is missing!)
null;null;/images/gallery/tn/KerryShale178.jpeg;/images/gallery/tn/KerryShale178.jpeg;/images/gallery/KerryShale178.jpg;/images/gallery/KerryShale178.jpg;Kerry Shale;Kerry Shale;(TODO: Description is missing!);(TODO: Description is missing!)
null;null;/images/gallery/tn/KerryShale179.jpeg;/images/gallery/tn/KerryShale179.jpeg;/images/gallery/KerryShale179.jpg;/images/gallery/KerryShale179.jpg;Kerry Shale;Kerry Shale;(TODO: Description is missing!);(TODO: Description is missing!)
null;null;/images/gallery/tn/KerryShale180.jpeg;/images/gallery/tn/KerryShale180.jpeg;/images/gallery/KerryShale180.jpg;/images/gallery/KerryShale180.jpg;Kerry Shale;Kerry Shale;(TODO: Description is missing!);(TODO: Description is missing!)
null;null;/images/gallery/tn/KerryShale181.jpeg;/images/gallery/tn/KerryShale181.jpeg;/images/gallery/KerryShale181.jpg;/images/gallery/KerryShale181.jpg;Kerry Shale;Kerry Shale;(TODO: Description is missing!);(TODO: Description is missing!)
null;null;/images/gallery/tn/KerryShale182.jpeg;/images/gallery/tn/KerryShale182.jpeg;/images/gallery/KerryShale182.jpg;/images/gallery/KerryShale182.jpg;Kerry Shale;Kerry Shale;(TODO: Description is missing!);(TODO: Description is missing!)
null;null;/images/gallery/tn/KerryShale183.jpeg;/images/gallery/tn/KerryShale183.jpeg;/images/gallery/KerryShale183.jpg;/images/gallery/KerryShale183.jpg;Kerry Shale;Kerry Shale;(TODO: Description is missing!);(TODO: Description is missing!)
null;null;/images/gallery/tn/KerryShale184.jpeg;/images/gallery/tn/KerryShale184.jpeg;/images/gallery/KerryShale184.jpg;/images/gallery/KerryShale184.jpg;Kerry Shale;Kerry Shale;(TODO: Description is missing!);(TODO: Description is missing!)
null;null;/images/gallery/tn/KerryShale185.jpeg;/images/gallery/tn/KerryShale185.jpeg;/images/gallery/KerryShale185.jpg;/images/gallery/KerryShale185.jpg;Kerry Shale;Kerry Shale;(TODO: Description is missing!);(TODO: Description is missing!)
null;null;/images/gallery/tn/KerryShale186.jpeg;/images/gallery/tn/KerryShale186.jpeg;/images/gallery/KerryShale186.jpg;/images/gallery/KerryShale186.jpg;Kerry Shale;Kerry Shale;(TODO: Description is missing!);(TODO: Description is missing!)
null;null;/images/gallery/tn/KerryShale187.jpeg;/images/gallery/tn/KerryShale187.jpeg;/images/gallery/KerryShale187.jpg;/images/gallery/KerryShale187.jpg;Kerry Shale;Kerry Shale;(TODO: Description is missing!);(TODO: Description is missing!)
null;null;/images/gallery/tn/KerryShale188.jpeg;/images/gallery/tn/KerryShale188.jpeg;/images/gallery/KerryShale188.jpg;/images/gallery/KerryShale188.jpg;Kerry Shale;Kerry Shale;(TODO: Description is missing!);(TODO: Description is missing!)
null;null;/images/gallery/tn/KerryShale189.jpeg;/images/gallery/tn/KerryShale189.jpeg;/images/gallery/KerryShale189.jpg;/images/gallery/KerryShale189.jpg;Kerry Shale;Kerry Shale;(TODO: Description is missing!);(TODO: Description is missing!)
null;null;/images/gallery/tn/KerryShale190.jpeg;/images/gallery/tn/KerryShale190.jpeg;/images/gallery/KerryShale190.jpg;/images/gallery/KerryShale190.jpg;Kerry Shale;Kerry Shale;(TODO: Description is missing!);(TODO: Description is missing!)
null;null;/images/gallery/tn/KerryShale191.jpeg;/images/gallery/tn/KerryShale191.jpeg;/images/gallery/KerryShale191.jpg;/images/gallery/KerryShale191.jpg;Kerry Shale;Kerry Shale;(TODO: Description is missing!);(TODO: Description is missing!)
null;null;/images/gallery/tn/KerryShale192.jpeg;/images/gallery/tn/KerryShale192.jpeg;/images/gallery/KerryShale192.jpg;/images/gallery/KerryShale192.jpg;Kerry Shale;Kerry Shale;(TODO: Description is missing!);(TODO: Description is missing!)
null;null;/images/gallery/tn/KerryShale193.jpeg;/images/gallery/tn/KerryShale193.jpeg;/images/gallery/KerryShale193.jpg;/images/gallery/KerryShale193.jpg;Kerry Shale;Kerry Shale;(TODO: Description is missing!);(TODO: Description is missing!)
null;null;/images/gallery/tn/KerryShale194.jpeg;/images/gallery/tn/KerryShale194.jpeg;/images/gallery/KerryShale194.jpg;/images/gallery/KerryShale194.jpg;Kerry Shale;Kerry Shale;(TODO: Description is missing!);(TODO: Description is missing!)
null;null;/images/gallery/tn/KerryShale195.jpeg;/images/gallery/tn/KerryShale195.jpeg;/images/gallery/KerryShale195.jpg;/images/gallery/KerryShale195.jpg;Kerry Shale;Kerry Shale;(TODO: Description is missing!);(TODO: Description is missing!)
null;null;/images/gallery/tn/KerryShale196.jpeg;/images/gallery/tn/KerryShale196.jpeg;/images/gallery/KerryShale196.jpg;/images/gallery/KerryShale196.jpg;Kerry Shale;Kerry Shale;(TODO: Description is missing!);(TODO: Description is missing!)
null;null;/images/gallery/tn/KerryShale197.jpeg;/images/gallery/tn/KerryShale197.jpeg;/images/gallery/KerryShale197.jpg;/images/gallery/KerryShale197.jpg;Kerry Shale;Kerry Shale;(TODO: Description is missing!);(TODO: Description is missing!)
null;null;/images/gallery/tn/KerryShale198.jpeg;/images/gallery/tn/KerryShale198.jpeg;/images/gallery/KerryShale198.jpg;/images/gallery/KerryShale198.jpg;Kerry Shale;Kerry Shale;(TODO: Description is missing!);(TODO: Description is missing!)
null;null;/images/gallery/tn/KerryShale199.jpeg;/images/gallery/tn/KerryShale199.jpeg;/images/gallery/KerryShale199.jpg;/images/gallery/KerryShale199.jpg;Kerry Shale;Kerry Shale;(TODO: Description is missing!);(TODO: Description is missing!)
null;null;/images/gallery/tn/KerryShale200.jpeg;/images/gallery/tn/KerryShale200.jpeg;/images/gallery/KerryShale200.jpg;/images/gallery/KerryShale200.jpg;Kerry Shale;Kerry Shale;(TODO: Description is missing!);(TODO: Description is missing!)
null;null;/images/gallery/tn/KerryShale201.jpeg;/images/gallery/tn/KerryShale201.jpeg;/images/gallery/KerryShale201.jpg;/images/gallery/KerryShale201.jpg;Kerry Shale;Kerry Shale;(TODO: Description is missing!);(TODO: Description is missing!)
null;null;/images/gallery/tn/KerryShale202.jpeg;/images/gallery/tn/KerryShale202.jpeg;/images/gallery/KerryShale202.jpg;/images/gallery/KerryShale202.jpg;Kerry Shale;Kerry Shale;(TODO: Description is missing!);(TODO: Description is missing!)
null;null;/images/gallery/tn/KerryShale203.jpeg;/images/gallery/tn/KerryShale203.jpeg;/images/gallery/KerryShale203.jpg;/images/gallery/KerryShale203.jpg;Kerry Shale;Kerry Shale;(TODO: Description is missing!);(TODO: Description is missing!)
null;null;/images/gallery/tn/KerryShale204.jpeg;/images/gallery/tn/KerryShale204.jpeg;/images/gallery/KerryShale204.jpg;/images/gallery/KerryShale204.jpg;Kerry Shale;Kerry Shale;(TODO: Description is missing!);(TODO: Description is missing!)
null;null;/images/gallery/tn/KerryShale205.jpeg;/images/gallery/tn/KerryShale205.jpeg;/images/gallery/KerryShale205.jpg;/images/gallery/KerryShale205.jpg;Kerry Shale;Kerry Shale;(TODO: Description is missing!);(TODO: Description is missing!)
null;null;/images/gallery/tn/KerryShale206.jpeg;/images/gallery/tn/KerryShale206.jpeg;/images/gallery/KerryShale206.jpg;/images/gallery/KerryShale206.jpg;Kerry Shale;Kerry Shale;(TODO: Description is missing!);(TODO: Description is missing!)
null;null;/images/gallery/tn/KerryShale207.jpeg;/images/gallery/tn/KerryShale207.jpeg;/images/gallery/KerryShale207.jpg;/images/gallery/KerryShale207.jpg;Kerry Shale;Kerry Shale;(TODO: Description is missing!);(TODO: Description is missing!)
null;null;/images/gallery/tn/KerryShale208.jpeg;/images/gallery/tn/KerryShale208.jpeg;/images/gallery/KerryShale208.jpg;/images/gallery/KerryShale208.jpg;Kerry Shale;Kerry Shale;(TODO: Description is missing!);(TODO: Description is missing!)
null;null;/images/gallery/tn/KerryShale209.jpeg;/images/gallery/tn/KerryShale209.jpeg;/images/gallery/KerryShale209.jpg;/images/gallery/KerryShale209.jpg;Kerry Shale;Kerry Shale;(TODO: Description is missing!);(TODO: Description is missing!)
null;null;/images/gallery/tn/KerryShale210.jpeg;/images/gallery/tn/KerryShale210.jpeg;/images/gallery/KerryShale210.jpg;/images/gallery/KerryShale210.jpg;Kerry Shale;Kerry Shale;(TODO: Description is missing!);(TODO: Description is missing!)
null;null;/images/gallery/tn/KerryShale211.jpeg;/images/gallery/tn/KerryShale211.jpeg;/images/gallery/KerryShale211.jpg;/images/gallery/KerryShale211.jpg;Kerry Shale;Kerry Shale;(TODO: Description is missing!);(TODO: Description is missing!)
null;null;/images/gallery/tn/KerryShale212.jpeg;/images/gallery/tn/KerryShale212.jpeg;/images/gallery/KerryShale212.jpg;/images/gallery/KerryShale212.jpg;Kerry Shale;Kerry Shale;(TODO: Description is missing!);(TODO: Description is missing!)
null;null;/images/gallery/tn/KerryShale213.jpeg;/images/gallery/tn/KerryShale213.jpeg;/images/gallery/KerryShale213.jpg;/images/gallery/KerryShale213.jpg;Kerry Shale;Kerry Shale;(TODO: Description is missing!);(TODO: Description is missing!)
null;null;/images/gallery/tn/KerryShale214.jpeg;/images/gallery/tn/KerryShale214.jpeg;/images/gallery/KerryShale214.jpg;/images/gallery/KerryShale214.jpg;Kerry Shale;Kerry Shale;(TODO: Description is missing!);(TODO: Description is missing!)
null;null;/images/gallery/tn/KerryShale215.jpeg;/images/gallery/tn/KerryShale215.jpeg;/images/gallery/KerryShale215.jpg;/images/gallery/KerryShale215.jpg;Kerry Shale;Kerry Shale;(TODO: Description is missing!);(TODO: Description is missing!)
null;null;/images/gallery/tn/KerryShale216.jpeg;/images/gallery/tn/KerryShale216.jpeg;/images/gallery/KerryShale216.jpg;/images/gallery/KerryShale216.jpg;Kerry Shale;Kerry Shale;(TODO: Description is missing!);(TODO: Description is missing!)
null;null;/images/gallery/tn/KerryShale217.jpeg;/images/gallery/tn/KerryShale217.jpeg;/images/gallery/KerryShale217.jpg;/images/gallery/KerryShale217.jpg;Kerry Shale;Kerry Shale;(TODO: Description is missing!);(TODO: Description is missing!)
null;null;/images/gallery/tn/KerryShale218.jpeg;/images/gallery/tn/KerryShale218.jpeg;/images/gallery/KerryShale218.jpg;/images/gallery/KerryShale218.jpg;Kerry Shale;Kerry Shale;(TODO: Description is missing!);(TODO: Description is missing!)
null;null;/images/gallery/tn/KerryShale219.jpeg;/images/gallery/tn/KerryShale219.jpeg;/images/gallery/KerryShale219.jpg;/images/gallery/KerryShale219.jpg;Kerry Shale;Kerry Shale;(TODO: Description is missing!);(TODO: Description is missing!)
null;null;/images/gallery/tn/KerryShale220.jpeg;/images/gallery/tn/KerryShale220.jpeg;/images/gallery/KerryShale220.jpg;/images/gallery/KerryShale220.jpg;Kerry Shale;Kerry Shale;(TODO: Description is missing!);(TODO: Description is missing!)
null;null;/images/gallery/tn/KerryShale221.jpeg;/images/gallery/tn/KerryShale221.jpeg;/images/gallery/KerryShale221.jpg;/images/gallery/KerryShale221.jpg;Kerry Shale;Kerry Shale;(TODO: Description is missing!);(TODO: Description is missing!)
null;null;/images/gallery/tn/KerryShale222.jpeg;/images/gallery/tn/KerryShale222.jpeg;/images/gallery/KerryShale222.jpg;/images/gallery/KerryShale222.jpg;Kerry Shale;Kerry Shale;(TODO: Description is missing!);(TODO: Description is missing!)
null;null;/images/gallery/tn/KerryShale223.jpeg;/images/gallery/tn/KerryShale223.jpeg;/images/gallery/KerryShale223.jpg;/images/gallery/KerryShale223.jpg;Kerry Shale;Kerry Shale;(TODO: Description is missing!);(TODO: Description is missing!)
null;null;/images/gallery/tn/KerryShale224.jpeg;/images/gallery/tn/KerryShale224.jpeg;/images/gallery/KerryShale224.jpg;/images/gallery/KerryShale224.jpg;Kerry Shale;Kerry Shale;(TODO: Description is missing!);(TODO: Description is missing!)
null;null;/images/gallery/tn/KerryShale225.jpeg;/images/gallery/tn/KerryShale225.jpeg;/images/gallery/KerryShale225.jpg;/images/gallery/KerryShale225.jpg;Kerry Shale;Kerry Shale;(TODO: Description is missing!);(TODO: Description is missing!)
null;null;/images/gallery/tn/KerryShale226.jpeg;/images/gallery/tn/KerryShale226.jpeg;/images/gallery/KerryShale226.jpg;/images/gallery/KerryShale226.jpg;Kerry Shale;Kerry Shale;(TODO: Description is missing!);(TODO: Description is missing!)
null;null;/images/gallery/tn/KerryShale227.jpeg;/images/gallery/tn/KerryShale227.jpeg;/images/gallery/KerryShale227.jpg;/images/gallery/KerryShale227.jpg;Kerry Shale;Kerry Shale;(TODO: Description is missing!);(TODO: Description is missing!)
null;null;/images/gallery/tn/KerryShale228.jpeg;/images/gallery/tn/KerryShale228.jpeg;/images/gallery/KerryShale228.jpg;/images/gallery/KerryShale228.jpg;Kerry Shale;Kerry Shale;(TODO: Description is missing!);(TODO: Description is missing!)
null;null;/images/gallery/tn/KerryShale229.jpeg;/images/gallery/tn/KerryShale229.jpeg;/images/gallery/KerryShale229.jpg;/images/gallery/KerryShale229.jpg;Kerry Shale;Kerry Shale;(TODO: Description is missing!);(TODO: Description is missing!)
null;null;/images/gallery/tn/KerryShale230.jpeg;/images/gallery/tn/KerryShale230.jpeg;/images/gallery/KerryShale230.jpg;/images/gallery/KerryShale230.jpg;Kerry Shale;Kerry Shale;(TODO: Description is missing!);(TODO: Description is missing!)
null;null;/images/gallery/tn/KerryShale231.jpeg;/images/gallery/tn/KerryShale231.jpeg;/images/gallery/KerryShale231.jpg;/images/gallery/KerryShale231.jpg;Kerry Shale;Kerry Shale;(TODO: Description is missing!);(TODO: Description is missing!)
null;null;/images/gallery/tn/KerryShale232.jpeg;/images/gallery/tn/KerryShale232.jpeg;/images/gallery/KerryShale232.jpg;/images/gallery/KerryShale232.jpg;Kerry Shale;Kerry Shale;(TODO: Description is missing!);(TODO: Description is missing!)
null;null;/images/gallery/tn/KerryShale233.jpeg;/images/gallery/tn/KerryShale233.jpeg;/images/gallery/KerryShale233.jpg;/images/gallery/KerryShale233.jpg;Kerry Shale;Kerry Shale;(TODO: Description is missing!);(TODO: Description is missing!)
null;null;/images/gallery/tn/KerryShale234.jpeg;/images/gallery/tn/KerryShale234.jpeg;/images/gallery/KerryShale234.jpg;/images/gallery/KerryShale234.jpg;Kerry Shale;Kerry Shale;(TODO: Description is missing!);(TODO: Description is missing!)
null;null;/images/gallery/tn/KerryShale235.jpeg;/images/gallery/tn/KerryShale235.jpeg;/images/gallery/KerryShale235.jpg;/images/gallery/KerryShale235.jpg;Kerry Shale;Kerry Shale;(TODO: Description is missing!);(TODO: Description is missing!)
null;null;/images/gallery/tn/KerryShale236.jpeg;/images/gallery/tn/KerryShale236.jpeg;/images/gallery/KerryShale236.jpg;/images/gallery/KerryShale236.jpg;Kerry Shale;Kerry Shale;(TODO: Description is missing!);(TODO: Description is missing!)
null;null;/images/gallery/tn/KerryShale237.jpeg;/images/gallery/tn/KerryShale237.jpeg;/images/gallery/KerryShale237.jpg;/images/gallery/KerryShale237.jpg;Kerry Shale;Kerry Shale;(TODO: Description is missing!);(TODO: Description is missing!)
null;null;/images/gallery/tn/KerryShale238.jpeg;/images/gallery/tn/KerryShale238.jpeg;/images/gallery/KerryShale238.jpg;/images/gallery/KerryShale238.jpg;Kerry Shale;Kerry Shale;(TODO: Description is missing!);(TODO: Description is missing!)
null;null;/images/gallery/tn/KerryShale239.jpeg;/images/gallery/tn/KerryShale239.jpeg;/images/gallery/KerryShale239.jpg;/images/gallery/KerryShale239.jpg;Kerry Shale;Kerry Shale;(TODO: Description is missing!);(TODO: Description is missing!)
null;null;/images/gallery/tn/KerryShale240.jpeg;/images/gallery/tn/KerryShale240.jpeg;/images/gallery/KerryShale240.jpg;/images/gallery/KerryShale240.jpg;Kerry Shale;Kerry Shale;(TODO: Description is missing!);(TODO: Description is missing!)
null;null;/images/gallery/tn/KerryShale241.jpeg;/images/gallery/tn/KerryShale241.jpeg;/images/gallery/KerryShale241.jpg;/images/gallery/KerryShale241.jpg;Kerry Shale;Kerry Shale;(TODO: Description is missing!);(TODO: Description is missing!)
null;null;/images/gallery/tn/KerryShale242.jpeg;/images/gallery/tn/KerryShale242.jpeg;/images/gallery/KerryShale242.jpg;/images/gallery/KerryShale242.jpg;Kerry Shale;Kerry Shale;(TODO: Description is missing!);(TODO: Description is missing!)
null;null;/images/gallery/tn/KerryShale243.jpeg;/images/gallery/tn/KerryShale243.jpeg;/images/gallery/KerryShale243.jpg;/images/gallery/KerryShale243.jpg;Kerry Shale;Kerry Shale;(TODO: Description is missing!);(TODO: Description is missing!)
null;null;/images/gallery/tn/KerryShale244.jpeg;/images/gallery/tn/KerryShale244.jpeg;/images/gallery/KerryShale244.jpg;/images/gallery/KerryShale244.jpg;Kerry Shale;Kerry Shale;(TODO: Description is missing!);(TODO: Description is missing!)
null;null;/images/gallery/tn/KerryShale245.jpeg;/images/gallery/tn/KerryShale245.jpeg;/images/gallery/KerryShale245.jpg;/images/gallery/KerryShale245.jpg;Kerry Shale;Kerry Shale;(TODO: Description is missing!);(TODO: Description is missing!)
null;null;/images/gallery/tn/KerryShale246.jpeg;/images/gallery/tn/KerryShale246.jpeg;/images/gallery/KerryShale246.jpg;/images/gallery/KerryShale246.jpg;Kerry Shale;Kerry Shale;(TODO: Description is missing!);(TODO: Description is missing!)
null;null;/images/gallery/tn/KerryShale247.jpeg;/images/gallery/tn/KerryShale247.jpeg;/images/gallery/KerryShale247.jpg;/images/gallery/KerryShale247.jpg;Kerry Shale;Kerry Shale;(TODO: Description is missing!);(TODO: Description is missing!)
null;null;/images/gallery/tn/KerryShale248.jpeg;/images/gallery/tn/KerryShale248.jpeg;/images/gallery/KerryShale248.jpg;/images/gallery/KerryShale248.jpg;Kerry Shale;Kerry Shale;(TODO: Description is missing!);(TODO: Description is missing!)
null;null;/images/gallery/tn/KerryShale249.jpeg;/images/gallery/tn/KerryShale249.jpeg;/images/gallery/KerryShale249.jpg;/images/gallery/KerryShale249.jpg;Kerry Shale;Kerry Shale;(TODO: Description is missing!);(TODO: Description is missing!)
null;null;/images/gallery/tn/KerryShale250.jpeg;/images/gallery/tn/KerryShale250.jpeg;/images/gallery/KerryShale250.jpg;/images/gallery/KerryShale250.jpg;Kerry Shale;Kerry Shale;(TODO: Description is missing!);(TODO: Description is missing!)
null;null;/images/gallery/tn/KerryShale251.jpeg;/images/gallery/tn/KerryShale251.jpeg;/images/gallery/KerryShale251.jpg;/images/gallery/KerryShale251.jpg;Kerry Shale;Kerry Shale;(TODO: Description is missing!);(TODO: Description is missing!)
null;null;/images/gallery/tn/KerryShale252.jpeg;/images/gallery/tn/KerryShale252.jpeg;/images/gallery/KerryShale252.jpg;/images/gallery/KerryShale252.jpg;Kerry Shale;Kerry Shale;(TODO: Description is missing!);(TODO: Description is missing!)
null;null;/images/gallery/tn/KerryShale253.jpeg;/images/gallery/tn/KerryShale253.jpeg;/images/gallery/KerryShale253.jpg;/images/gallery/KerryShale253.jpg;Kerry Shale;Kerry Shale;(TODO: Description is missing!);(TODO: Description is missing!)
null;null;/images/gallery/tn/KerryShale254.jpeg;/images/gallery/tn/KerryShale254.jpeg;/images/gallery/KerryShale254.jpg;/images/gallery/KerryShale254.jpg;Kerry Shale;Kerry Shale;(TODO: Description is missing!);(TODO: Description is missing!)
null;null;/images/gallery/tn/KerryShale255.jpeg;/images/gallery/tn/KerryShale255.jpeg;/images/gallery/KerryShale255.jpg;/images/gallery/KerryShale255.jpg;Kerry Shale;Kerry Shale;(TODO: Description is missing!);(TODO: Description is missing!)
null;null;/images/gallery/tn/KerryShale256.jpeg;/images/gallery/tn/KerryShale256.jpeg;/images/gallery/KerryShale256.jpg;/images/gallery/KerryShale256.jpg;Kerry Shale;Kerry Shale;(TODO: Description is missing!);(TODO: Description is missing!)
null;null;/images/gallery/tn/KerryShale257.jpeg;/images/gallery/tn/KerryShale257.jpeg;/images/gallery/KerryShale257.jpg;/images/gallery/KerryShale257.jpg;Kerry Shale;Kerry Shale;(TODO: Description is missing!);(TODO: Description is missing!)
null;null;/images/gallery/tn/KerryShale258.jpeg;/images/gallery/tn/KerryShale258.jpeg;/images/gallery/KerryShale258.jpg;/images/gallery/KerryShale258.jpg;Kerry Shale;Kerry Shale;(TODO: Description is missing!);(TODO: Description is missing!)
null;null;/images/gallery/tn/KerryShale259.jpeg;/images/gallery/tn/KerryShale259.jpeg;/images/gallery/KerryShale259.jpg;/images/gallery/KerryShale259.jpg;Kerry Shale;Kerry Shale;(TODO: Description is missing!);(TODO: Description is missing!)
null;null;/images/gallery/tn/KerryShale260.jpeg;/images/gallery/tn/KerryShale260.jpeg;/images/gallery/KerryShale260.jpg;/images/gallery/KerryShale260.jpg;Kerry Shale;Kerry Shale;(TODO: Description is missing!);(TODO: Description is missing!)
null;null;/images/gallery/tn/KerryShale261.jpeg;/images/gallery/tn/KerryShale261.jpeg;/images/gallery/KerryShale261.jpg;/images/gallery/KerryShale261.jpg;Kerry Shale;Kerry Shale;(TODO: Description is missing!);(TODO: Description is missing!)
null;null;/images/gallery/tn/KerryShale262.jpeg;/images/gallery/tn/KerryShale262.jpeg;/images/gallery/KerryShale262.jpg;/images/gallery/KerryShale262.jpg;Kerry Shale;Kerry Shale;(TODO: Description is missing!);(TODO: Description is missing!)
null;null;/images/gallery/tn/KerryShale263.jpeg;/images/gallery/tn/KerryShale263.jpeg;/images/gallery/KerryShale263.jpg;/images/gallery/KerryShale263.jpg;Kerry Shale;Kerry Shale;(TODO: Description is missing!);(TODO: Description is missing!)
null;null;/images/gallery/tn/KerryShale264.jpeg;/images/gallery/tn/KerryShale264.jpeg;/images/gallery/KerryShale264.jpg;/images/gallery/KerryShale264.jpg;Kerry Shale;Kerry Shale;(TODO: Description is missing!);(TODO: Description is missing!)
null;null;/images/gallery/tn/KerryShale265.jpeg;/images/gallery/tn/KerryShale265.jpeg;/images/gallery/KerryShale265.jpg;/images/gallery/KerryShale265.jpg;Kerry Shale;Kerry Shale;(TODO: Description is missing!);(TODO: Description is missing!)
null;null;/images/gallery/tn/KerryShale266.jpeg;/images/gallery/tn/KerryShale266.jpeg;/images/gallery/KerryShale266.jpg;/images/gallery/KerryShale266.jpg;Kerry Shale;Kerry Shale;(TODO: Description is missing!);(TODO: Description is missing!)
null;null;/images/gallery/tn/KerryShale267.jpeg;/images/gallery/tn/KerryShale267.jpeg;/images/gallery/KerryShale267.jpg;/images/gallery/KerryShale267.jpg;Kerry Shale;Kerry Shale;(TODO: Description is missing!);(TODO: Description is missing!)
null;null;/images/gallery/tn/KerryShale268.jpeg;/images/gallery/tn/KerryShale268.jpeg;/images/gallery/KerryShale268.jpg;/images/gallery/KerryShale268.jpg;Kerry Shale;Kerry Shale;(TODO: Description is missing!);(TODO: Description is missing!)
null;null;/images/gallery/tn/KerryShale269.jpeg;/images/gallery/tn/KerryShale269.jpeg;/images/gallery/KerryShale269.jpg;/images/gallery/KerryShale269.jpg;Kerry Shale;Kerry Shale;(TODO: Description is missing!);(TODO: Description is missing!)
null;null;/images/gallery/tn/KerryShale270.jpeg;/images/gallery/tn/KerryShale270.jpeg;/images/gallery/KerryShale270.jpg;/images/gallery/KerryShale270.jpg;Kerry Shale;Kerry Shale;(TODO: Description is missing!);(TODO: Description is missing!)
null;null;/images/gallery/tn/KerryShale271.jpeg;/images/gallery/tn/KerryShale271.jpeg;/images/gallery/KerryShale271.jpg;/images/gallery/KerryShale271.jpg;Kerry Shale;Kerry Shale;(TODO: Description is missing!);(TODO: Description is missing!)
null;null;/images/gallery/tn/KerryShale272.jpeg;/images/gallery/tn/KerryShale272.jpeg;/images/gallery/KerryShale272.jpg;/images/gallery/KerryShale272.jpg;Kerry Shale;Kerry Shale;(TODO: Description is missing!);(TODO: Description is missing!)
null;null;/images/gallery/tn/KerryShale273.jpeg;/images/gallery/tn/KerryShale273.jpeg;/images/gallery/KerryShale273.jpg;/images/gallery/KerryShale273.jpg;Kerry Shale;Kerry Shale;(TODO: Description is missing!);(TODO: Description is missing!)
null;null;/images/gallery/tn/KerryShale274.jpeg;/images/gallery/tn/KerryShale274.jpeg;/images/gallery/KerryShale274.jpg;/images/gallery/KerryShale274.jpg;Kerry Shale;Kerry Shale;(TODO: Description is missing!);(TODO: Description is missing!)
null;null;/images/gallery/tn/KerryShale275.jpeg;/images/gallery/tn/KerryShale275.jpeg;/images/gallery/KerryShale275.jpg;/images/gallery/KerryShale275.jpg;Kerry Shale;Kerry Shale;(TODO: Description is missing!);(TODO: Description is missing!)
null;null;/images/gallery/tn/KerryShale276.jpeg;/images/gallery/tn/KerryShale276.jpeg;/images/gallery/KerryShale276.jpg;/images/gallery/KerryShale276.jpg;Kerry Shale;Kerry Shale;(TODO: Description is missing!);(TODO: Description is missing!)
null;null;/images/gallery/tn/KerryShale277.jpeg;/images/gallery/tn/KerryShale277.jpeg;/images/gallery/KerryShale277.jpg;/images/gallery/KerryShale277.jpg;Kerry Shale;Kerry Shale;(TODO: Description is missing!);(TODO: Description is missing!)
null;null;/images/gallery/tn/KerryShale278.jpeg;/images/gallery/tn/KerryShale278.jpeg;/images/gallery/KerryShale278.jpg;/images/gallery/KerryShale278.jpg;Kerry Shale;Kerry Shale;(TODO: Description is missing!);(TODO: Description is missing!)
null;null;/images/gallery/tn/KerryShale279.jpeg;/images/gallery/tn/KerryShale279.jpeg;/images/gallery/KerryShale279.jpg;/images/gallery/KerryShale279.jpg;Kerry Shale;Kerry Shale;(TODO: Description is missing!);(TODO: Description is missing!)
null;null;/images/gallery/tn/KerryShale280.jpeg;/images/gallery/tn/KerryShale280.jpeg;/images/gallery/KerryShale280.jpg;/images/gallery/KerryShale280.jpg;Kerry Shale;Kerry Shale;(TODO: Description is missing!);(TODO: Description is missing!)
null;null;/images/gallery/tn/KerryShale281.jpeg;/images/gallery/tn/KerryShale281.jpeg;/images/gallery/KerryShale281.jpg;/images/gallery/KerryShale281.jpg;Kerry Shale;Kerry Shale;(TODO: Description is missing!);(TODO: Description is missing!)
null;null;/images/gallery/tn/KerryShale282.jpeg;/images/gallery/tn/KerryShale282.jpeg;/images/gallery/KerryShale282.jpg;/images/gallery/KerryShale282.jpg;Kerry Shale;Kerry Shale;(TODO: Description is missing!);(TODO: Description is missing!)
null;null;/images/gallery/tn/KerryShale283.jpeg;/images/gallery/tn/KerryShale283.jpeg;/images/gallery/KerryShale283.jpg;/images/gallery/KerryShale283.jpg;Kerry Shale;Kerry Shale;(TODO: Description is missing!);(TODO: Description is missing!)
null;null;/images/gallery/tn/KerryShale284.jpeg;/images/gallery/tn/KerryShale284.jpeg;/images/gallery/KerryShale284.jpg;/images/gallery/KerryShale284.jpg;Kerry Shale;Kerry Shale;(TODO: Description is missing!);(TODO: Description is missing!)
null;null;/images/gallery/tn/KerryShale285.jpeg;/images/gallery/tn/KerryShale285.jpeg;/images/gallery/KerryShale285.jpg;/images/gallery/KerryShale285.jpg;Kerry Shale;Kerry Shale;(TODO: Description is missing!);(TODO: Description is missing!)
null;null;/images/gallery/tn/KerryShale286.jpeg;/images/gallery/tn/KerryShale286.jpeg;/images/gallery/KerryShale286.jpg;/images/gallery/KerryShale286.jpg;Kerry Shale;Kerry Shale;(TODO: Description is missing!);(TODO: Description is missing!)
null;null;/images/gallery/tn/KerryShale287.jpeg;/images/gallery/tn/KerryShale287.jpeg;/images/gallery/KerryShale287.jpg;/images/gallery/KerryShale287.jpg;Kerry Shale;Kerry Shale;(TODO: Description is missing!);(TODO: Description is missing!)
null;null;/images/gallery/tn/KerryShale288.jpeg;/images/gallery/tn/KerryShale288.jpeg;/images/gallery/KerryShale288.jpg;/images/gallery/KerryShale288.jpg;Kerry Shale;Kerry Shale;(TODO: Description is missing!);(TODO: Description is missing!)
null;null;/images/gallery/tn/KerryShale289.jpeg;/images/gallery/tn/KerryShale289.jpeg;/images/gallery/KerryShale289.jpg;/images/gallery/KerryShale289.jpg;Kerry Shale;Kerry Shale;(TODO: Description is missing!);(TODO: Description is missing!)
null;null;/images/gallery/tn/KerryShale290.jpeg;/images/gallery/tn/KerryShale290.jpeg;/images/gallery/KerryShale290.jpg;/images/gallery/KerryShale290.jpg;Kerry Shale;Kerry Shale;(TODO: Description is missing!);(TODO: Description is missing!)
null;null;/images/gallery/tn/KerryShale291.jpeg;/images/gallery/tn/KerryShale291.jpeg;/images/gallery/KerryShale291.jpg;/images/gallery/KerryShale291.jpg;Kerry Shale;Kerry Shale;(TODO: Description is missing!);(TODO: Description is missing!)
null;null;/images/gallery/tn/KerryShale292.jpeg;/images/gallery/tn/KerryShale292.jpeg;/images/gallery/KerryShale292.jpg;/images/gallery/KerryShale292.jpg;Kerry Shale;Kerry Shale;(TODO: Description is missing!);(TODO: Description is missing!)
null;null;/images/gallery/tn/KerryShale293.jpeg;/images/gallery/tn/KerryShale293.jpeg;/images/gallery/KerryShale293.jpg;/images/gallery/KerryShale293.jpg;Kerry Shale;Kerry Shale;(TODO: Description is missing!);(TODO: Description is missing!)
null;null;/images/gallery/tn/KerryShale294.jpeg;/images/gallery/tn/KerryShale294.jpeg;/images/gallery/KerryShale294.jpg;/images/gallery/KerryShale294.jpg;Kerry Shale;Kerry Shale;(TODO: Description is missing!);(TODO: Description is missing!)
null;null;/images/gallery/tn/KerryShale295.jpeg;/images/gallery/tn/KerryShale295.jpeg;/images/gallery/KerryShale295.jpg;/images/gallery/KerryShale295.jpg;Kerry Shale;Kerry Shale;(TODO: Description is missing!);(TODO: Description is missing!)
null;null;/images/gallery/tn/KerryShale296.jpeg;/images/gallery/tn/KerryShale296.jpeg;/images/gallery/KerryShale296.jpg;/images/gallery/KerryShale296.jpg;Kerry Shale;Kerry Shale;(TODO: Description is missing!);(TODO: Description is missing!)
null;null;/images/gallery/tn/KerryShale297.jpeg;/images/gallery/tn/KerryShale297.jpeg;/images/gallery/KerryShale297.jpg;/images/gallery/KerryShale297.jpg;Kerry Shale;Kerry Shale;(TODO: Description is missing!);(TODO: Description is missing!)
null;null;/images/gallery/tn/KerryShale298.jpeg;/images/gallery/tn/KerryShale298.jpeg;/images/gallery/KerryShale298.jpg;/images/gallery/KerryShale298.jpg;Kerry Shale;Kerry Shale;(TODO: Description is missing!);(TODO: Description is missing!)
null;null;/images/gallery/tn/KerryShale299.jpeg;/images/gallery/tn/KerryShale299.jpeg;/images/gallery/KerryShale299.jpg;/images/gallery/KerryShale299.jpg;Kerry Shale;Kerry Shale;(TODO: Description is missing!);(TODO: Description is missing!)
null;null;/images/gallery/tn/KerryShale300.jpeg;/images/gallery/tn/KerryShale300.jpeg;/images/gallery/KerryShale300.jpg;/images/gallery/KerryShale300.jpg;Kerry Shale;Kerry Shale;(TODO: Description is missing!);(TODO: Description is missing!)
null;null;/images/gallery/tn/KerryShale301.jpeg;/images/gallery/tn/KerryShale301.jpeg;/images/gallery/KerryShale301.jpg;/images/gallery/KerryShale301.jpg;Kerry Shale;Kerry Shale;(TODO: Description is missing!);(TODO: Description is missing!)
null;null;/images/gallery/tn/KerryShale302.jpeg;/images/gallery/tn/KerryShale302.jpeg;/images/gallery/KerryShale302.jpg;/images/gallery/KerryShale302.jpg;Kerry Shale;Kerry Shale;(TODO: Description is missing!);(TODO: Description is missing!)
null;null;/images/gallery/tn/KerryShale303.jpeg;/images/gallery/tn/KerryShale303.jpeg;/images/gallery/KerryShale303.jpg;/images/gallery/KerryShale303.jpg;Kerry Shale;Kerry Shale;(TODO: Description is missing!);(TODO: Description is missing!)
null;null;/images/gallery/tn/KerryShale304.jpeg;/images/gallery/tn/KerryShale304.jpeg;/images/gallery/KerryShale304.jpg;/images/gallery/KerryShale304.jpg;Kerry Shale;Kerry Shale;(TODO: Description is missing!);(TODO: Description is missing!)
null;null;/images/gallery/tn/KerryShale305.jpeg;/images/gallery/tn/KerryShale305.jpeg;/images/gallery/KerryShale305.jpg;/images/gallery/KerryShale305.jpg;Kerry Shale;Kerry Shale;(TODO: Description is missing!);(TODO: Description is missing!)
null;null;/images/gallery/tn/KerryShale306.jpeg;/images/gallery/tn/KerryShale306.jpeg;/images/gallery/KerryShale306.jpg;/images/gallery/KerryShale306.jpg;Kerry Shale;Kerry Shale;(TODO: Description is missing!);(TODO: Description is missing!)
null;null;/images/gallery/tn/KerryShale307.jpeg;/images/gallery/tn/KerryShale307.jpeg;/images/gallery/KerryShale307.jpg;/images/gallery/KerryShale307.jpg;Kerry Shale;Kerry Shale;(TODO: Description is missing!);(TODO: Description is missing!)
null;null;/images/gallery/tn/KerryShale308.jpeg;/images/gallery/tn/KerryShale308.jpeg;/images/gallery/KerryShale308.jpg;/images/gallery/KerryShale308.jpg;Kerry Shale;Kerry Shale;(TODO: Description is missing!);(TODO: Description is missing!)
null;null;/images/gallery/tn/KerryShale309.jpeg;/images/gallery/tn/KerryShale309.jpeg;/images/gallery/KerryShale309.jpg;/images/gallery/KerryShale309.jpg;Kerry Shale;Kerry Shale;(TODO: Description is missing!);(TODO: Description is missing!)
null;null;/images/gallery/tn/KerryShale310.jpeg;/images/gallery/tn/KerryShale310.jpeg;/images/gallery/KerryShale310.jpg;/images/gallery/KerryShale310.jpg;Kerry Shale;Kerry Shale;(TODO: Description is missing!);(TODO: Description is missing!)
null;null;/images/gallery/tn/KerryShale311.jpeg;/images/gallery/tn/KerryShale311.jpeg;/images/gallery/KerryShale311.jpg;/images/gallery/KerryShale311.jpg;Kerry Shale;Kerry Shale;(TODO: Description is missing!);(TODO: Description is missing!)
null;null;/images/gallery/tn/KerryShale312.jpeg;/images/gallery/tn/KerryShale312.jpeg;/images/gallery/KerryShale312.jpg;/images/gallery/KerryShale312.jpg;Kerry Shale;Kerry Shale;(TODO: Description is missing!);(TODO: Description is missing!)
null;null;/images/gallery/tn/KerryShale313.jpeg;/images/gallery/tn/KerryShale313.jpeg;/images/gallery/KerryShale313.jpg;/images/gallery/KerryShale313.jpg;Kerry Shale;Kerry Shale;(TODO: Description is missing!);(TODO: Description is missing!)
